Product_ID,Product_Name,Brand,Price,Discount_%,Ratings,Stock,Delivery_Time_days,Return_Policy_Days,Is_Prime
PID0000,Camera,Samsung,33117,20,3.6,92.0,2,7,False
PID0001,Shoes,Realme,24164,37,1.6,,9,10,False
PID0002,Tablet,LG,32910,19,4.5,59.0,6,15,True
PID0003,Watch,LG,33496,28,3.2,97.0,5,30,False
PID0004,Camera,,45311,3,2.1,42.0,6,15,True
PID0005,Microwave,Realme,30371,6,2.7,44.0,9,30,True
PID0006,Headphones,Dell,39467,27,1.2,22.0,7,7,False
PID0007,Camera,Realme,18625,27,1.5,68.0,9,7,False
PID0008,Tablet,Mi,34893,3,4.1,93.0,4,15,True
PID0009,Watch,Samsung,11793,21,1.0,5.0,2,7,False
PID0010,Shoes,Mi,32007,11,2.7,,8,15,True
PID0011,Tablet,OnePlus,26766,44,3.1,3.0,4,30,False
PID0012,Tablet,HP,40532,2,1.2,92.0,9,10,False
PID0013,Headphones,Sony,13323,21,4.9,22.0,4,7,True
PID0014,TV,Realme,46799,43,1.9,,8,30,True
PID0015,Watch,OnePlus,47820,1,2.2,31.0,9,10,True
PID0016,Smartphone,,46408,23,2.2,17.0,9,10,False
PID0017,Tablet,Boat,8843,33,,14.0,4,10,True
PID0018,TV,Samsung,15210,26,1.0,39.0,1,30,True
PID0019,Smartphone,Dell,17456,40,3.9,95.0,3,30,False
PID0020,Watch,,32367,0,4.9,72.0,9,15,False
PID0021,Laptop,Mi,11106,7,1.9,73.0,4,10,True
PID0022,Microwave,LG,38957,22,3.7,,5,10,True
PID0023,TV,HP,3472,37,,5.0,7,10,True
PID0024,Speaker,Boat,7704,5,4.4,62.0,5,15,True
PID0025,Laptop,OnePlus,4713,21,,66.0,4,10,False
PID0026,Microwave,Samsung,6051,24,2.2,10.0,2,30,False
PID0027,Headphones,HP,11756,17,2.3,42.0,2,10,True
PID0028,Camera,Boat,3475,16,3.9,16.0,4,7,True
PID0029,Shoes,Sony,37378,11,4.3,95.0,9,30,True
PID0030,Speaker,Realme,5255,5,1.7,3.0,8,15,False
PID0031,Headphones,Dell,15484,25,2.5,62.0,3,10,True
PID0032,Watch,OnePlus,35503,26,4.6,,9,7,True
PID0033,Headphones,Dell,9258,7,,80.0,5,15,False
PID0034,Camera,OnePlus,41747,18,,40.0,3,15,False
PID0035,Watch,Mi,36196,41,4.0,82.0,5,30,True
PID0036,Speaker,LG,46113,0,2.6,4.0,4,15,True
PID0037,Camera,OnePlus,41194,28,3.4,31.0,8,15,False
PID0038,Smartphone,Dell,9533,44,3.6,85.0,5,15,True
PID0039,Shoes,,33581,48,1.3,69.0,8,15,True
PID0040,Speaker,OnePlus,6249,34,3.2,34.0,9,10,False
PID0041,Smartphone,Sony,20201,39,3.8,21.0,4,10,False
PID0042,Microwave,LG,10686,13,1.7,,7,10,False
PID0043,Speaker,OnePlus,47877,34,4.1,83.0,2,10,True
PID0044,Microwave,Mi,33007,47,,21.0,6,7,False
PID0045,Watch,HP,1661,44,4.8,,8,10,False
PID0046,Smartphone,Apple,45843,19,1.2,76.0,7,15,True
PID0047,Shoes,Boat,31137,48,2.1,2.0,7,10,True
PID0048,Camera,Apple,48556,12,3.4,8.0,8,10,False
PID0049,Tablet,,43828,37,2.2,59.0,7,30,False
PID0050,Headphones,Samsung,49604,48,3.9,75.0,5,15,True
PID0051,Laptop,Sony,11526,45,4.0,86.0,7,10,True
PID0052,Shoes,HP,4374,48,1.4,13.0,3,10,False
PID0053,Smartphone,Realme,26592,7,3.1,96.0,5,10,False
PID0054,Tablet,OnePlus,29982,42,3.0,17.0,7,7,True
PID0055,Shoes,Boat,1207,19,2.5,72.0,9,10,False
PID0056,Smartphone,LG,36433,32,4.7,22.0,2,30,True
PID0057,TV,HP,24197,25,4.3,73.0,4,15,False
PID0058,TV,Dell,34400,38,3.8,82.0,7,15,True
PID0059,Microwave,Realme,4083,20,3.9,46.0,1,10,True
PID0060,Shoes,Samsung,30328,48,2.8,68.0,2,10,False
PID0061,TV,Samsung,47479,41,4.7,46.0,9,10,False
PID0062,Smartphone,HP,43891,42,3.8,86.0,7,15,True
PID0063,Microwave,Mi,21103,40,3.9,29.0,7,15,False
PID0064,Smartphone,Apple,40891,8,4.4,24.0,6,7,False
PID0065,Microwave,Dell,11754,23,2.1,27.0,3,30,False
PID0066,Shoes,Samsung,35447,36,4.2,97.0,3,7,True
PID0067,Tablet,Boat,16901,48,1.8,24.0,2,30,False
PID0068,Camera,,34004,40,2.4,73.0,6,7,False
PID0069,Speaker,LG,8446,16,2.3,77.0,4,15,True
PID0070,Tablet,OnePlus,38211,23,4.9,57.0,5,7,False
PID0071,Watch,Samsung,49231,20,4.4,93.0,3,30,False
PID0072,Smartphone,LG,30301,38,3.8,40.0,6,10,True
PID0073,Watch,HP,27116,40,3.9,24.0,3,30,True
PID0074,Tablet,HP,42323,38,3.2,77.0,8,10,False
PID0075,Microwave,Realme,19752,12,4.8,98.0,9,15,False
PID0076,Speaker,Samsung,33376,10,3.0,47.0,4,30,True
PID0077,Speaker,Boat,17669,45,2.5,,9,7,True
PID0078,Laptop,Samsung,33916,18,,,7,30,False
PID0079,Speaker,Boat,14395,10,4.1,98.0,3,10,False
PID0080,Camera,Sony,21421,12,3.9,74.0,7,15,False
PID0081,Speaker,Realme,27342,45,2.5,10.0,1,7,True
PID0082,Tablet,Sony,5895,44,1.1,84.0,3,30,False
PID0083,Laptop,Samsung,12023,0,4.4,,6,10,True
PID0084,Tablet,Realme,11699,39,1.0,85.0,4,7,True
PID0085,Tablet,Sony,10715,43,3.8,44.0,7,15,True
PID0086,Headphones,Apple,20169,18,4.9,6.0,3,7,False
PID0087,Laptop,Samsung,17163,11,2.8,80.0,1,15,False
PID0088,Tablet,Sony,6782,7,1.9,63.0,9,7,False
PID0089,Headphones,Apple,23641,7,3.8,63.0,6,30,True
PID0090,Headphones,Apple,19792,44,4.3,1.0,8,10,False
PID0091,Laptop,HP,36585,11,3.2,75.0,3,30,True
PID0092,Watch,Samsung,31682,47,4.9,41.0,8,30,True
PID0093,Microwave,Apple,48864,32,1.2,81.0,2,15,True
PID0094,Camera,,19880,44,3.0,53.0,4,15,True
PID0095,Microwave,Sony,39067,25,3.9,74.0,3,15,True
PID0096,Speaker,,43685,38,4.5,15.0,1,30,True
PID0097,Camera,Samsung,19073,27,1.7,17.0,7,7,False
PID0098,Speaker,Realme,37035,4,4.2,98.0,2,7,True
PID0099,Tablet,Boat,38174,7,3.2,58.0,4,30,False
PID0100,Smartphone,Boat,25837,24,2.6,89.0,9,30,True
PID0101,Laptop,Sony,18826,26,,15.0,6,10,False
PID0102,Camera,Mi,25981,45,4.5,5.0,8,15,False
PID0103,Camera,Mi,11382,22,1.6,,2,15,False
PID0104,Tablet,Sony,5437,29,2.2,46.0,7,30,False
PID0105,Watch,Apple,6435,44,2.2,47.0,6,30,True
PID0106,Headphones,Samsung,25819,46,4.5,41.0,9,7,True
PID0107,Tablet,Boat,37875,22,,75.0,7,30,True
PID0108,TV,Boat,32982,48,4.2,59.0,1,7,True
PID0109,Headphones,Apple,34328,46,2.0,76.0,8,30,False
PID0110,Laptop,Boat,13329,19,3.5,,3,10,False
PID0111,Headphones,Realme,26169,17,3.3,1.0,2,10,False
PID0112,Watch,Samsung,22932,17,4.3,89.0,3,7,True
PID0113,Headphones,OnePlus,35594,1,4.6,58.0,6,15,False
PID0114,Laptop,Boat,12421,3,1.0,26.0,3,10,True
PID0115,Watch,Sony,46033,29,3.7,26.0,5,7,False
PID0116,Microwave,Realme,8629,32,1.2,78.0,6,30,False
PID0117,Camera,Boat,9325,35,3.2,,8,30,False
PID0118,Camera,Realme,29495,17,,6.0,7,7,False
PID0119,Speaker,HP,32750,36,2.2,62.0,8,15,False
PID0120,Microwave,,30619,18,2.4,45.0,3,7,True
PID0121,Microwave,Dell,41461,46,3.5,62.0,4,7,False
PID0122,Headphones,Sony,9264,27,2.3,11.0,6,10,True
PID0123,Camera,,13686,39,3.9,,7,7,True
PID0124,Laptop,Samsung,47484,19,2.6,42.0,9,7,True
PID0125,Shoes,Realme,25226,48,1.3,16.0,1,30,True
PID0126,Shoes,Apple,7721,32,4.1,62.0,8,10,True
PID0127,Watch,Sony,21609,11,2.1,80.0,8,30,True
PID0128,Camera,Realme,8373,14,2.7,35.0,6,30,True
PID0129,Camera,Realme,39675,40,,,4,15,True
PID0130,Shoes,LG,49895,38,2.3,7.0,3,15,False
PID0131,Camera,LG,29937,1,1.2,68.0,3,10,False
PID0132,Headphones,Dell,6656,28,,89.0,6,10,True
PID0133,TV,HP,9984,40,4.8,79.0,8,15,True
PID0134,Smartphone,,30984,9,3.6,35.0,7,15,True
PID0135,Microwave,Boat,9286,1,3.7,27.0,1,15,False
PID0136,Speaker,,6901,10,3.5,92.0,6,15,False
PID0137,Watch,Boat,32552,12,1.8,46.0,7,15,True
PID0138,TV,Mi,26709,9,2.7,75.0,7,30,True
PID0139,Shoes,,32055,13,4.0,29.0,9,10,False
PID0140,Microwave,Samsung,38685,17,1.4,22.0,5,30,False
PID0141,Camera,Boat,9429,8,2.1,15.0,1,30,True
PID0142,Speaker,Dell,15716,38,2.1,13.0,2,7,True
PID0143,Camera,Sony,49563,27,2.7,73.0,4,30,True
PID0144,Laptop,Sony,12138,2,4.9,70.0,5,15,True
PID0145,Laptop,LG,36298,19,1.3,51.0,9,15,False
PID0146,Speaker,Apple,24429,5,3.1,36.0,1,7,False
PID0147,Speaker,Apple,6772,26,1.7,28.0,3,7,True
PID0148,Shoes,Samsung,49244,1,4.9,66.0,5,7,True
PID0149,Speaker,Dell,49519,28,1.5,14.0,3,7,True
PID0150,Headphones,,36732,37,2.6,99.0,4,7,False
PID0151,Camera,Mi,40905,2,4.0,46.0,3,30,True
PID0152,TV,Apple,18347,15,3.8,,4,7,True
PID0153,Tablet,Sony,17920,29,2.7,51.0,1,30,True
PID0154,Speaker,Boat,32822,39,2.4,18.0,8,10,False
PID0155,Watch,Boat,47659,1,2.6,,4,7,True
PID0156,Laptop,LG,41108,16,2.1,20.0,7,7,False
PID0157,Headphones,Dell,24563,40,1.8,63.0,2,30,True
PID0158,Microwave,Dell,8967,11,2.9,36.0,2,10,True
PID0159,Tablet,,46183,34,2.1,26.0,6,30,True
PID0160,TV,OnePlus,12871,42,2.1,54.0,2,30,False
PID0161,Tablet,Apple,29763,0,,28.0,6,7,True
PID0162,Speaker,Dell,12916,44,4.9,19.0,2,15,True
PID0163,Shoes,Sony,9734,14,3.4,24.0,4,15,False
PID0164,Laptop,LG,34613,25,1.3,69.0,7,30,False
PID0165,Laptop,Mi,29179,36,1.3,62.0,8,7,False
PID0166,Microwave,HP,36262,20,4.8,35.0,3,10,True
PID0167,Shoes,Realme,13677,48,2.2,1.0,9,15,False
PID0168,Camera,Samsung,19268,30,1.4,21.0,2,10,True
PID0169,Smartphone,Mi,13330,24,3.4,95.0,8,15,False
PID0170,Headphones,,21733,22,3.5,15.0,8,7,False
PID0171,Laptop,Boat,38947,23,,17.0,4,30,False
PID0172,Watch,Samsung,28286,37,2.1,68.0,1,10,True
PID0173,Laptop,Apple,7610,27,1.1,,1,10,True
PID0174,Tablet,Sony,7430,20,4.9,99.0,2,30,True
PID0175,Laptop,Samsung,40922,42,2.0,29.0,9,10,True
PID0176,Laptop,OnePlus,14828,17,3.7,,2,15,True
PID0177,Smartphone,Realme,43913,35,3.8,18.0,2,30,True
PID0178,Smartphone,Apple,32497,34,3.4,86.0,6,15,True
PID0179,TV,,40256,44,2.3,33.0,7,15,True
PID0180,Camera,Boat,37618,8,2.1,12.0,7,7,True
PID0181,Watch,OnePlus,47332,37,3.4,42.0,9,15,False
PID0182,Laptop,HP,27526,29,4.5,61.0,6,7,False
PID0183,Laptop,HP,31158,43,4.8,92.0,8,10,True
PID0184,Headphones,LG,26032,33,,99.0,6,10,True
PID0185,Smartphone,Mi,38846,31,1.6,,2,7,True
PID0186,Watch,Mi,45936,2,4.8,51.0,1,15,True
PID0187,Microwave,Apple,30794,2,3.9,,5,30,False
PID0188,TV,,6448,27,4.5,35.0,9,30,False
PID0189,Camera,Dell,29861,43,1.8,72.0,8,7,True
PID0190,Shoes,HP,29141,14,3.4,18.0,4,10,False
PID0191,Camera,Apple,10074,40,3.8,37.0,5,10,False
PID0192,Tablet,Dell,7406,22,3.7,69.0,5,30,True
PID0193,Laptop,Mi,32823,39,2.6,78.0,6,7,True
PID0194,TV,,24291,10,1.1,56.0,3,30,True
PID0195,Tablet,OnePlus,42568,47,3.3,19.0,5,15,True
PID0196,Watch,HP,33003,31,2.0,8.0,2,15,False
PID0197,Shoes,Apple,47851,35,2.8,31.0,1,7,True
PID0198,Smartphone,Samsung,35406,32,4.8,3.0,1,7,False
PID0199,TV,Dell,24312,23,2.6,49.0,7,15,True
PID0200,TV,OnePlus,44108,38,4.4,,2,10,False
PID0201,Laptop,HP,2382,33,,4.0,4,7,True
PID0202,Speaker,Mi,35171,27,3.7,19.0,5,15,True
PID0203,TV,Boat,42779,36,4.9,86.0,7,15,False
PID0204,Headphones,Dell,4292,6,1.4,74.0,2,10,False
PID0205,Shoes,,42779,3,1.0,36.0,6,10,False
PID0206,Shoes,,34187,36,2.7,21.0,1,10,True
PID0207,Headphones,Dell,13411,0,1.4,57.0,7,10,False
PID0208,Microwave,OnePlus,38285,0,4.0,67.0,9,30,False
PID0209,Headphones,HP,16422,46,4.7,92.0,5,10,False
PID0210,Headphones,Realme,43468,19,2.7,43.0,5,30,False
PID0211,Shoes,Apple,33371,18,2.0,33.0,4,7,False
PID0212,Camera,OnePlus,6693,28,2.7,,3,15,False
PID0213,Shoes,Dell,34535,9,3.9,41.0,9,30,False
PID0214,Speaker,Boat,15818,17,1.0,8.0,5,7,False
PID0215,Laptop,Mi,32238,27,3.4,94.0,8,7,False
PID0216,Tablet,Samsung,31874,34,3.5,6.0,9,30,True
PID0217,Camera,Mi,27715,42,3.6,67.0,5,7,True
PID0218,Smartphone,Dell,28605,46,2.0,18.0,9,7,False
PID0219,Tablet,Mi,35317,30,3.9,,2,30,True
PID0220,Laptop,Apple,32174,26,1.4,30.0,9,7,True
PID0221,Speaker,,10956,10,1.8,34.0,4,10,False
PID0222,Speaker,Samsung,39908,48,4.5,56.0,6,10,False
PID0223,Smartphone,Sony,11837,48,,,6,15,False
PID0224,Camera,Dell,4716,37,1.1,60.0,6,7,False
PID0225,Microwave,LG,5481,4,2.0,30.0,2,15,False
PID0226,Headphones,Sony,25282,7,1.9,82.0,7,10,False
PID0227,Camera,Mi,7548,33,2.1,94.0,6,10,True
PID0228,Microwave,Dell,38605,47,2.0,52.0,1,10,False
PID0229,Speaker,Realme,8758,11,1.3,31.0,2,7,True
PID0230,Shoes,LG,44668,37,2.8,65.0,7,7,False
PID0231,Laptop,,24177,0,3.9,58.0,1,10,False
PID0232,Smartphone,Boat,25022,30,3.4,9.0,1,15,True
PID0233,Laptop,Realme,41761,3,3.7,1.0,1,15,False
PID0234,Watch,,6542,48,1.3,65.0,8,30,False
PID0235,Watch,HP,26476,44,,59.0,4,10,True
PID0236,Camera,Apple,31784,49,4.4,87.0,4,15,False
PID0237,Speaker,Boat,23740,4,4.2,16.0,2,10,True
PID0238,Speaker,Realme,25817,29,4.3,95.0,1,15,False
PID0239,Headphones,HP,48596,23,4.7,15.0,9,30,False
PID0240,Headphones,HP,17052,2,3.2,15.0,7,30,True
PID0241,Headphones,Dell,36153,10,1.8,45.0,4,10,False
PID0242,Shoes,,48076,44,3.5,38.0,6,15,True
PID0243,Tablet,Samsung,1671,3,4.0,30.0,2,7,True
PID0244,TV,Mi,1163,25,,87.0,7,30,True
PID0245,Tablet,LG,42424,26,,0.0,2,10,False
PID0246,Laptop,LG,45002,45,1.3,10.0,8,10,False
PID0247,Tablet,Sony,5795,42,2.5,,8,15,True
PID0248,Shoes,Sony,11634,26,4.7,3.0,1,10,False
PID0249,Laptop,,5798,41,3.3,70.0,8,30,False
PID0250,Tablet,Samsung,23420,49,,25.0,2,10,False
PID0251,Shoes,,30300,5,2.1,49.0,6,10,True
PID0252,TV,OnePlus,25345,14,2.5,11.0,1,7,False
PID0253,Tablet,Mi,11749,29,4.6,94.0,5,7,True
PID0254,Shoes,Apple,39595,41,,80.0,7,30,False
PID0255,Headphones,Dell,26121,36,,96.0,1,15,False
PID0256,Speaker,OnePlus,38487,36,2.8,74.0,2,7,True
PID0257,Headphones,OnePlus,29411,41,3.5,91.0,7,15,False
PID0258,Speaker,Realme,34361,36,2.0,95.0,6,30,True
PID0259,Smartphone,,22223,34,3.8,,3,7,False
PID0260,Smartphone,Samsung,8394,22,2.7,,2,15,True
PID0261,Smartphone,OnePlus,15056,5,2.8,91.0,4,7,False
PID0262,TV,Realme,29380,3,3.6,52.0,3,30,False
PID0263,Headphones,Mi,27035,17,4.7,70.0,7,30,False
PID0264,Speaker,OnePlus,31620,8,1.3,1.0,8,7,True
PID0265,Shoes,Boat,20877,48,4.3,23.0,2,15,True
PID0266,Laptop,Sony,44404,28,2.2,3.0,7,10,True
PID0267,Shoes,Sony,31911,12,2.8,18.0,8,10,False
PID0268,Laptop,,33784,46,1.1,25.0,6,7,True
PID0269,Watch,Dell,4191,16,2.2,,6,15,True
PID0270,Shoes,Sony,34160,44,3.0,39.0,1,10,True
PID0271,Tablet,,26000,31,1.2,49.0,4,30,True
PID0272,Tablet,,40040,47,3.0,42.0,1,15,True
PID0273,Camera,Sony,4631,21,4.7,74.0,4,10,True
PID0274,Headphones,Dell,7172,3,1.4,66.0,2,15,True
PID0275,Laptop,Samsung,43080,4,4.1,11.0,5,7,True
PID0276,Laptop,Samsung,24561,36,2.6,,9,15,True
PID0277,Headphones,Mi,25817,40,3.6,26.0,3,10,True
PID0278,TV,OnePlus,21281,48,2.0,53.0,8,7,False
PID0279,Camera,Boat,29671,12,1.6,65.0,3,15,False
PID0280,TV,Samsung,26364,33,1.6,48.0,6,30,True
PID0281,TV,Realme,42674,44,1.3,15.0,4,10,False
PID0282,TV,Sony,28425,21,1.7,1.0,8,7,False
PID0283,Headphones,Realme,29602,22,,59.0,6,15,True
PID0284,TV,Dell,24253,2,4.5,53.0,8,30,True
PID0285,Tablet,Samsung,24472,41,4.3,29.0,1,10,True
PID0286,Smartphone,Boat,9080,33,3.7,83.0,6,30,False
PID0287,Watch,Dell,8099,31,1.4,37.0,1,15,True
PID0288,Laptop,HP,26431,44,2.2,27.0,1,15,False
PID0289,Laptop,HP,32186,48,2.2,,8,7,True
PID0290,Watch,Realme,48684,20,2.0,95.0,7,30,False
PID0291,Headphones,OnePlus,31111,45,3.1,9.0,3,7,False
PID0292,Shoes,Apple,40851,43,3.1,59.0,6,10,True
PID0293,Headphones,,23614,20,2.4,41.0,9,7,True
PID0294,Laptop,Mi,27724,43,2.4,,7,10,False
PID0295,Laptop,OnePlus,42991,10,4.3,96.0,3,15,False
PID0296,Watch,Mi,5940,38,4.2,76.0,6,15,True
PID0297,TV,Mi,29758,3,2.2,41.0,4,30,True
PID0298,Headphones,Boat,37224,0,4.7,46.0,3,10,False
PID0299,Speaker,,8788,27,4.8,,9,15,True
PID0300,Watch,Boat,29082,23,2.3,79.0,2,30,False
PID0301,Tablet,Mi,25034,34,2.4,21.0,1,30,True
PID0302,Laptop,Dell,36479,12,3.0,56.0,2,7,True
PID0303,Watch,HP,12280,46,4.8,83.0,7,30,True
PID0304,Headphones,Mi,19052,33,4.5,,1,15,False
PID0305,Laptop,Boat,17531,10,1.4,40.0,6,7,True
PID0306,Shoes,Dell,23804,35,2.6,79.0,7,10,False
PID0307,Watch,Boat,29903,16,,33.0,9,10,True
PID0308,Camera,OnePlus,45857,34,3.0,31.0,8,15,False
PID0309,Laptop,Sony,11142,17,1.8,89.0,6,15,False
PID0310,Headphones,Realme,49355,39,4.4,88.0,3,7,True
PID0311,Smartphone,Apple,10866,21,3.7,65.0,8,7,False
PID0312,Speaker,Boat,5531,23,4.4,11.0,7,15,False
PID0313,Microwave,Apple,46454,18,,39.0,3,15,False
PID0314,TV,LG,39098,36,,,9,10,False
PID0315,Microwave,Boat,39278,38,2.8,75.0,2,10,True
PID0316,Headphones,Sony,29138,20,3.4,89.0,3,10,True
PID0317,Tablet,Apple,28065,7,1.6,72.0,2,15,True
PID0318,Tablet,Mi,30956,27,3.7,9.0,1,30,False
PID0319,Smartphone,Boat,42732,4,1.7,95.0,4,15,False
PID0320,TV,Samsung,40261,16,3.8,97.0,5,15,True
PID0321,Camera,Realme,11759,36,1.9,47.0,6,10,True
PID0322,Smartphone,Sony,6439,35,1.5,19.0,5,15,False
PID0323,Microwave,Apple,48241,18,1.7,38.0,1,7,True
PID0324,Smartphone,Sony,43533,26,1.0,59.0,3,15,True
PID0325,Microwave,Dell,29270,33,3.9,65.0,1,15,False
PID0326,Laptop,Realme,14279,10,3.9,64.0,5,15,True
PID0327,Tablet,Mi,40279,44,3.1,,5,15,False
PID0328,Laptop,Boat,45251,46,1.6,35.0,6,30,True
PID0329,Speaker,Boat,24888,11,1.3,23.0,8,15,False
PID0330,TV,Boat,18630,20,1.1,26.0,1,7,False
PID0331,Camera,Realme,36144,10,1.7,1.0,4,7,False
PID0332,Microwave,Samsung,32182,38,4.6,30.0,1,15,False
PID0333,Camera,LG,26538,27,2.0,56.0,9,10,False
PID0334,Microwave,HP,12824,4,2.4,77.0,7,30,True
PID0335,Headphones,OnePlus,33125,16,1.4,65.0,7,15,True
PID0336,Smartphone,Apple,7979,19,1.9,28.0,5,15,True
PID0337,Speaker,Samsung,27189,40,3.1,,7,15,False
PID0338,Tablet,Mi,43600,45,3.4,11.0,2,10,True
PID0339,Microwave,Apple,13504,11,2.0,27.0,4,10,False
PID0340,Camera,Boat,21669,5,1.2,83.0,7,10,False
PID0341,Speaker,,7910,16,2.6,23.0,3,30,True
PID0342,Shoes,Mi,47857,18,1.9,20.0,2,7,False
PID0343,Shoes,Apple,35964,25,1.9,9.0,2,30,True
PID0344,Laptop,Boat,21131,47,4.8,77.0,1,10,False
PID0345,Tablet,Apple,26227,43,3.5,17.0,5,7,False
PID0346,Headphones,Sony,6978,43,3.2,87.0,6,7,True
PID0347,Camera,,22991,31,,13.0,6,10,False
PID0348,Smartphone,LG,18153,5,2.7,33.0,9,10,True
PID0349,Smartphone,Samsung,34548,35,3.2,57.0,4,30,False
PID0350,Camera,,43676,37,3.8,75.0,1,10,True
PID0351,TV,OnePlus,40071,10,3.8,,6,7,False
PID0352,Headphones,Realme,48454,32,1.7,69.0,5,15,True
PID0353,Speaker,OnePlus,4983,23,3.0,35.0,6,10,True
PID0354,Microwave,,10503,22,2.6,44.0,3,10,False
PID0355,TV,OnePlus,30921,14,4.5,35.0,2,30,True
PID0356,Microwave,Boat,17905,26,3.5,21.0,6,30,False
PID0357,Microwave,LG,46838,10,3.1,77.0,1,10,False
PID0358,TV,Dell,24953,49,1.5,79.0,7,7,True
PID0359,Laptop,Samsung,27806,16,,60.0,7,7,True
PID0360,Shoes,Samsung,46000,13,,99.0,7,15,True
PID0361,Microwave,Sony,23168,26,,55.0,1,10,True
PID0362,TV,Realme,5583,17,1.6,88.0,4,30,True
PID0363,TV,,39714,27,3.8,95.0,7,7,False
PID0364,Watch,LG,40896,46,1.8,32.0,9,15,True
PID0365,Laptop,Apple,12889,46,2.6,44.0,5,10,False
PID0366,Tablet,Dell,28413,3,4.6,35.0,2,7,True
PID0367,Watch,OnePlus,13275,6,1.8,19.0,7,10,True
PID0368,Watch,Samsung,3461,44,3.0,17.0,1,10,True
PID0369,Camera,,15291,34,2.7,37.0,7,7,False
PID0370,Shoes,OnePlus,47804,47,,66.0,6,7,True
PID0371,TV,Samsung,12435,8,,22.0,7,7,False
PID0372,Shoes,,28935,7,1.3,95.0,3,10,False
PID0373,Headphones,,34453,44,2.9,15.0,3,10,False
PID0374,Camera,LG,19544,16,3.2,,7,15,True
PID0375,Tablet,Mi,13258,16,3.5,68.0,2,30,False
PID0376,Shoes,Dell,31841,48,,67.0,1,10,True
PID0377,Smartphone,Dell,49758,32,2.0,20.0,9,30,False
PID0378,Microwave,HP,11736,31,1.0,77.0,9,7,True
PID0379,Headphones,Boat,38643,7,3.9,94.0,7,10,False
PID0380,Laptop,Realme,44950,18,3.1,77.0,7,15,True
PID0381,Tablet,Realme,35964,37,4.3,69.0,3,15,True
PID0382,Headphones,,29044,2,4.3,11.0,2,30,True
PID0383,Microwave,OnePlus,40933,4,4.4,15.0,7,7,False
PID0384,Camera,Boat,16997,12,2.9,,9,30,False
PID0385,Microwave,LG,15215,46,2.3,86.0,1,7,True
PID0386,Watch,LG,34069,45,4.2,13.0,4,15,False
PID0387,Microwave,Realme,24911,30,2.8,60.0,6,30,False
PID0388,Watch,LG,18030,15,1.7,70.0,7,15,False
PID0389,Camera,HP,30334,49,4.4,45.0,7,15,False
PID0390,Speaker,Dell,15571,31,4.5,31.0,2,7,False
PID0391,Watch,Sony,43719,21,2.9,,4,30,False
PID0392,Laptop,Mi,29927,28,1.3,43.0,5,30,False
PID0393,Microwave,Apple,21714,21,,16.0,1,15,True
PID0394,Microwave,OnePlus,44541,42,4.2,40.0,1,15,True
PID0395,Laptop,Mi,24387,2,4.6,53.0,3,7,False
PID0396,Smartphone,OnePlus,29444,9,1.8,43.0,3,10,True
PID0397,TV,Samsung,49908,41,,97.0,8,10,True
PID0398,Speaker,Mi,20921,20,,4.0,9,15,True
PID0399,Tablet,,14057,15,2.6,26.0,1,10,False
PID0400,Watch,Realme,46268,11,3.2,86.0,2,10,False
PID0401,Laptop,HP,25858,1,4.9,77.0,2,10,False
PID0402,Camera,Dell,49689,40,1.3,78.0,4,10,False
PID0403,Watch,Dell,45638,23,3.6,42.0,2,15,False
PID0404,TV,HP,27062,34,1.3,96.0,7,10,True
PID0405,Camera,,37850,29,2.5,30.0,9,10,False
PID0406,Headphones,,47486,29,4.2,98.0,7,7,True
PID0407,Microwave,OnePlus,21567,46,2.7,16.0,6,15,False
PID0408,Headphones,Sony,30739,34,5.0,91.0,1,30,True
PID0409,Watch,LG,44285,18,3.2,82.0,9,30,False
PID0410,TV,Mi,4754,49,2.3,53.0,5,7,False
PID0411,Speaker,Samsung,28044,7,1.9,61.0,5,7,False
PID0412,Watch,Mi,2724,25,2.4,86.0,6,15,False
PID0413,Laptop,Sony,2376,48,,31.0,9,30,False
PID0414,Shoes,Apple,9706,39,1.3,39.0,8,10,False
PID0415,Watch,Apple,9894,6,,12.0,8,7,True
PID0416,Microwave,Samsung,19037,29,2.9,83.0,8,30,False
PID0417,Microwave,Realme,19450,6,3.9,,1,15,True
PID0418,Watch,Sony,17406,2,3.6,4.0,1,10,False
PID0419,Camera,Sony,30725,0,3.8,72.0,8,15,True
PID0420,Shoes,HP,6926,35,1.0,28.0,5,7,True
PID0421,Laptop,Realme,40019,24,1.9,69.0,9,30,True
PID0422,Watch,OnePlus,10496,36,3.6,24.0,2,30,True
PID0423,Camera,,37068,0,2.9,,9,30,True
PID0424,Microwave,LG,30806,14,,21.0,8,30,True
PID0425,Microwave,Dell,23663,36,4.2,65.0,9,10,False
PID0426,TV,Apple,42321,12,4.1,44.0,4,10,True
PID0427,Watch,OnePlus,37495,39,3.2,68.0,1,15,False
PID0428,Shoes,,23656,7,1.3,90.0,1,10,False
PID0429,Smartphone,,26860,4,,88.0,5,7,True
PID0430,Shoes,OnePlus,17832,8,3.3,71.0,2,7,True
PID0431,Microwave,Sony,39787,0,,0.0,8,30,False
PID0432,Microwave,OnePlus,49231,35,4.0,83.0,5,7,True
PID0433,Headphones,Apple,22727,34,4.2,43.0,5,15,True
PID0434,Microwave,,43815,1,3.1,86.0,2,10,True
PID0435,Laptop,OnePlus,30545,39,1.6,95.0,7,10,True
PID0436,Tablet,Realme,45522,22,3.7,,8,10,True
PID0437,Watch,OnePlus,3520,8,3.5,38.0,1,7,True
PID0438,Shoes,Dell,4081,33,4.0,53.0,2,10,True
PID0439,Tablet,Apple,35196,45,1.7,87.0,4,30,False
PID0440,Camera,Realme,37735,13,1.8,74.0,5,30,True
PID0441,Smartphone,HP,40213,3,4.6,28.0,2,30,False
PID0442,Laptop,Realme,15566,29,,53.0,1,7,False
PID0443,Shoes,Dell,15042,30,4.6,89.0,9,10,False
PID0444,Tablet,Mi,26498,37,4.0,15.0,1,7,False
PID0445,Smartphone,Apple,12329,10,3.4,98.0,4,10,True
PID0446,Headphones,HP,32656,34,3.6,19.0,2,15,False
PID0447,Laptop,Dell,3159,7,4.6,45.0,4,15,False
PID0448,Laptop,Dell,38900,2,3.3,66.0,8,7,False
PID0449,Headphones,Samsung,20363,13,,64.0,8,30,False
PID0450,Watch,Apple,48701,12,1.6,,9,7,False
PID0451,Headphones,Realme,44241,44,2.9,,5,30,True
PID0452,Laptop,Sony,20033,31,,0.0,7,10,True
PID0453,Laptop,Mi,11805,33,2.1,80.0,3,30,False
PID0454,Tablet,Sony,36851,44,1.8,65.0,4,30,True
PID0455,Microwave,,27832,18,2.3,28.0,9,10,True
PID0456,Smartphone,Realme,14944,37,2.0,83.0,1,15,False
PID0457,Headphones,Apple,20873,15,1.9,69.0,2,10,False
PID0458,Smartphone,Realme,41372,1,2.7,7.0,5,7,False
PID0459,Headphones,,24928,39,4.6,28.0,3,7,True
PID0460,Camera,HP,16379,16,3.0,50.0,2,7,False
PID0461,Laptop,Realme,37751,33,1.8,32.0,1,7,True
PID0462,Microwave,Sony,35546,41,1.3,2.0,3,7,True
PID0463,Tablet,Realme,25286,15,3.8,59.0,1,15,True
PID0464,Microwave,Samsung,6110,37,2.5,34.0,1,15,False
PID0465,Microwave,OnePlus,13087,1,4.3,68.0,1,30,True
PID0466,Microwave,OnePlus,24762,1,3.6,90.0,8,7,False
PID0467,Smartphone,Dell,18081,25,4.2,75.0,3,10,False
PID0468,Headphones,Mi,35947,12,2.1,83.0,1,7,False
PID0469,Speaker,LG,10596,46,3.8,19.0,7,15,False
PID0470,Camera,HP,39019,30,2.1,72.0,3,7,False
PID0471,Shoes,Boat,43003,33,4.8,38.0,8,15,True
PID0472,Microwave,Dell,19313,38,3.5,3.0,4,30,True
PID0473,Watch,,48639,2,2.3,18.0,4,30,True
PID0474,Smartphone,OnePlus,2013,7,2.1,90.0,5,30,True
PID0475,Tablet,Sony,24705,22,1.8,44.0,6,15,True
PID0476,Shoes,Boat,2828,13,3.8,42.0,7,7,False
PID0477,Speaker,Mi,8909,26,1.9,12.0,4,7,False
PID0478,Watch,Mi,39356,28,3.4,,8,10,True
PID0479,Speaker,,14109,38,2.1,59.0,6,15,True
PID0480,Shoes,Boat,3023,38,3.6,56.0,1,10,True
PID0481,Microwave,Apple,15537,0,4.3,85.0,1,30,False
PID0482,Watch,,27661,16,,91.0,9,7,False
PID0483,Speaker,,39659,40,4.0,51.0,6,15,False
PID0484,Tablet,Boat,34848,29,1.8,52.0,8,10,True
PID0485,Headphones,Apple,38804,12,1.4,85.0,7,10,True
PID0486,Laptop,Samsung,16379,20,3.8,42.0,6,10,True
PID0487,Headphones,OnePlus,28766,18,2.5,82.0,4,7,True
PID0488,Shoes,Samsung,44590,18,2.7,71.0,7,7,False
PID0489,Smartphone,Realme,3563,24,1.1,71.0,9,7,True
PID0490,Laptop,Apple,37060,21,2.0,41.0,7,15,True
PID0491,Camera,Realme,30197,30,1.1,89.0,1,7,True
PID0492,Tablet,Sony,4586,16,4.5,25.0,9,15,False
PID0493,Camera,HP,17087,22,2.0,22.0,4,10,False
PID0494,Watch,Sony,49868,31,3.2,42.0,3,10,True
PID0495,Laptop,Boat,24225,9,1.2,76.0,4,30,False
PID0496,Camera,Mi,30750,9,3.7,27.0,4,7,False
PID0497,Camera,OnePlus,7643,35,2.3,8.0,2,10,False
PID0498,Speaker,Apple,28523,7,4.6,19.0,1,7,False
PID0499,Headphones,Dell,37727,19,4.6,55.0,1,15,False
PID0500,Speaker,HP,12005,31,2.3,82.0,8,10,True
PID0501,Laptop,LG,44543,49,4.6,38.0,2,7,True
PID0502,Laptop,LG,1161,13,5.0,50.0,5,10,True
PID0503,Shoes,LG,17029,49,4.3,11.0,4,10,False
PID0504,Speaker,Apple,15226,27,4.4,78.0,8,7,False
PID0505,TV,LG,29731,45,2.0,94.0,2,10,False
PID0506,Headphones,Samsung,44922,23,3.3,54.0,9,10,False
PID0507,Laptop,HP,45848,14,1.3,77.0,7,10,True
PID0508,Shoes,Samsung,4390,21,1.4,10.0,7,10,True
PID0509,Speaker,Mi,6997,29,5.0,25.0,1,15,True
PID0510,Headphones,,13693,3,2.3,41.0,2,10,True
PID0511,Speaker,Samsung,43092,12,4.0,,4,30,True
PID0512,Camera,,1541,22,4.2,10.0,4,10,True
PID0513,Shoes,Mi,22817,7,4.4,37.0,3,7,False
PID0514,Headphones,Realme,38861,17,5.0,97.0,7,30,False
PID0515,Microwave,Apple,14428,11,2.0,42.0,8,15,True
PID0516,Watch,Apple,44934,30,,18.0,2,30,False
PID0517,Watch,LG,49831,13,,,4,30,True
PID0518,Headphones,Sony,11258,33,1.5,5.0,3,30,True
PID0519,Speaker,LG,17044,17,1.1,45.0,2,7,False
PID0520,Shoes,,30411,33,2.4,41.0,6,7,True
PID0521,Watch,Samsung,6469,10,4.1,91.0,4,7,True
PID0522,Shoes,HP,29854,40,3.3,64.0,6,15,True
PID0523,Watch,Sony,7256,11,2.3,98.0,2,7,False
PID0524,Camera,Mi,11720,48,3.6,71.0,4,7,False
PID0525,Speaker,,34937,14,,58.0,6,30,False
PID0526,Camera,Mi,34598,30,,51.0,5,7,False
PID0527,Watch,Apple,2651,48,4.1,46.0,3,10,True
PID0528,Microwave,Apple,20194,28,3.5,6.0,8,7,False
PID0529,Microwave,LG,26051,25,,10.0,7,15,False
PID0530,Camera,Samsung,28386,17,,60.0,3,15,False
PID0531,Microwave,Sony,10518,31,4.3,,6,10,True
PID0532,Watch,OnePlus,47026,21,3.5,24.0,4,15,False
PID0533,Headphones,Boat,17184,37,3.3,,5,15,False
PID0534,Camera,Boat,34787,16,3.5,25.0,5,30,True
PID0535,Smartphone,LG,22621,22,4.5,11.0,7,10,True
PID0536,Speaker,Apple,11028,23,3.3,42.0,5,30,True
PID0537,Microwave,LG,13448,49,3.3,50.0,3,30,True
PID0538,Microwave,HP,46253,7,5.0,,5,7,False
PID0539,Laptop,Sony,35051,40,4.0,45.0,7,10,True
PID0540,TV,Samsung,31447,5,2.8,52.0,5,7,False
PID0541,Camera,Realme,19394,4,3.8,,5,7,False
PID0542,Tablet,Dell,35501,43,2.6,79.0,9,30,False
PID0543,Microwave,Dell,31254,28,1.9,12.0,3,15,False
PID0544,Speaker,LG,19509,27,3.4,88.0,6,10,False
PID0545,Smartphone,HP,49998,10,4.7,53.0,1,15,True
PID0546,Microwave,Sony,15472,0,4.7,56.0,5,30,False
PID0547,Smartphone,OnePlus,46657,42,2.4,3.0,8,30,False
PID0548,Watch,,4471,18,3.1,,5,30,False
PID0549,Watch,Sony,42796,8,1.8,95.0,9,30,True
PID0550,TV,Samsung,31268,26,5.0,48.0,6,30,False
PID0551,Headphones,Mi,9329,33,4.9,6.0,8,30,False
PID0552,Tablet,HP,35865,43,3.6,10.0,8,15,True
PID0553,Laptop,Apple,47850,3,4.2,,3,7,False
PID0554,TV,Sony,47698,35,3.9,53.0,7,15,False
PID0555,Shoes,Samsung,29272,17,,86.0,7,10,True
PID0556,Laptop,OnePlus,43845,14,1.2,44.0,6,15,False
PID0557,Camera,Realme,7397,12,2.8,22.0,7,30,False
PID0558,Speaker,Apple,33373,18,3.7,27.0,2,15,False
PID0559,Shoes,Realme,36525,48,3.7,56.0,9,7,False
PID0560,Shoes,OnePlus,25570,5,2.5,25.0,1,10,False
PID0561,TV,Samsung,19284,47,4.8,,1,15,True
PID0562,Headphones,Dell,19994,11,1.7,53.0,3,7,True
PID0563,TV,Realme,24284,36,3.0,28.0,3,15,True
PID0564,Camera,Apple,18833,16,,82.0,1,10,False
PID0565,Microwave,LG,26122,22,3.8,96.0,7,15,False
PID0566,Microwave,Boat,6017,25,3.6,35.0,4,30,False
PID0567,Headphones,Sony,17370,28,2.1,13.0,2,15,True
PID0568,Camera,Dell,30252,32,1.6,77.0,5,7,False
PID0569,Headphones,Realme,8999,26,3.5,34.0,6,15,False
PID0570,Smartphone,Mi,23436,24,3.4,29.0,9,7,False
PID0571,Microwave,Sony,43963,9,1.7,,4,10,True
PID0572,Shoes,LG,3096,46,3.8,16.0,2,15,True
PID0573,Tablet,OnePlus,49201,22,2.8,66.0,5,10,False
PID0574,Speaker,Boat,26279,20,3.7,,3,10,False
PID0575,Camera,Samsung,44363,20,4.3,29.0,2,15,False
PID0576,Laptop,LG,49709,42,1.7,92.0,1,7,True
PID0577,Headphones,LG,27201,12,,44.0,2,10,True
PID0578,Speaker,,20715,36,4.1,78.0,6,10,True
PID0579,Laptop,HP,30309,32,3.4,88.0,8,15,False
PID0580,Speaker,OnePlus,16078,23,3.8,50.0,3,15,True
PID0581,Tablet,HP,6105,43,4.4,46.0,9,15,False
PID0582,Laptop,HP,30312,10,4.2,52.0,9,15,False
PID0583,TV,Dell,3839,16,4.8,63.0,2,15,True
PID0584,Watch,Dell,4384,3,3.1,,8,30,False
PID0585,TV,Apple,44619,46,3.0,63.0,5,15,True
PID0586,Microwave,Realme,43821,24,2.6,,4,7,False
PID0587,Watch,Realme,14493,29,1.6,88.0,5,10,False
PID0588,TV,Samsung,18069,8,3.3,6.0,4,7,True
PID0589,Watch,Realme,47907,20,2.1,21.0,8,7,False
PID0590,Watch,,8531,19,4.7,80.0,4,30,False
PID0591,Shoes,Apple,38051,18,3.3,81.0,6,15,False
PID0592,Headphones,Apple,8736,18,3.4,40.0,2,10,False
PID0593,Headphones,HP,8710,11,2.4,,5,7,False
PID0594,Shoes,OnePlus,2619,36,1.2,9.0,6,15,False
PID0595,Speaker,Samsung,14975,41,1.1,56.0,5,15,False
PID0596,Smartphone,HP,46603,16,2.7,6.0,2,30,False
PID0597,Speaker,OnePlus,24252,36,,49.0,7,30,True
PID0598,Laptop,Realme,16261,47,,90.0,4,30,True
PID0599,Laptop,HP,2431,38,4.5,51.0,8,10,False
PID0600,Watch,Sony,10067,27,4.5,32.0,7,7,False
PID0601,TV,Realme,38481,40,3.6,,7,30,True
PID0602,TV,,28037,34,1.8,,9,30,False
PID0603,Headphones,Samsung,10557,46,4.5,59.0,1,30,True
PID0604,Camera,OnePlus,10435,47,4.5,33.0,6,7,True
PID0605,Speaker,HP,38766,17,1.8,3.0,6,7,True
PID0606,Microwave,HP,1162,13,,16.0,6,30,False
PID0607,Tablet,LG,35742,34,2.1,3.0,6,30,False
PID0608,TV,Samsung,20675,43,4.2,42.0,7,15,False
PID0609,Tablet,Mi,9461,40,5.0,89.0,6,30,True
PID0610,Watch,Realme,18015,6,1.1,3.0,1,10,True
PID0611,Tablet,,33591,40,4.6,0.0,3,10,True
PID0612,Microwave,Samsung,29047,12,3.5,,2,30,False
PID0613,Shoes,Apple,35782,17,4.9,,6,7,True
PID0614,Microwave,Samsung,10833,36,2.9,49.0,8,15,True
PID0615,Tablet,Samsung,8896,12,4.4,72.0,3,7,False
PID0616,Microwave,OnePlus,33972,35,1.2,60.0,8,30,True
PID0617,Smartphone,Samsung,42800,30,2.3,34.0,8,10,True
PID0618,Watch,LG,31508,1,1.3,7.0,5,15,False
PID0619,Speaker,Mi,6347,15,4.9,23.0,8,7,False
PID0620,Shoes,HP,31314,8,4.3,82.0,6,7,True
PID0621,TV,Boat,3643,8,4.4,,5,30,False
PID0622,Laptop,Apple,41785,37,4.8,49.0,9,15,True
PID0623,Speaker,HP,19681,10,1.3,42.0,7,10,False
PID0624,Laptop,Boat,39328,21,2.5,26.0,8,30,True
PID0625,Watch,Mi,16892,32,1.3,31.0,1,15,False
PID0626,Shoes,Mi,48299,35,1.8,77.0,2,7,True
PID0627,Headphones,Apple,18073,44,1.9,17.0,8,30,False
PID0628,TV,Apple,37768,22,2.9,27.0,9,7,False
PID0629,Smartphone,Mi,31682,44,2.1,28.0,4,7,False
PID0630,Headphones,Boat,33262,44,1.4,15.0,9,30,False
PID0631,Watch,Samsung,32358,33,1.7,,4,30,False
PID0632,Speaker,Realme,15289,8,1.6,,9,30,False
PID0633,Smartphone,Sony,8927,23,4.9,58.0,7,30,False
PID0634,Microwave,HP,49330,7,4.0,30.0,2,30,True
PID0635,Tablet,OnePlus,2171,6,,3.0,9,7,True
PID0636,Smartphone,HP,12918,35,2.8,36.0,4,10,False
PID0637,Watch,,42903,17,2.1,16.0,8,10,False
PID0638,Camera,Boat,40110,2,4.2,38.0,7,30,True
PID0639,Tablet,OnePlus,12929,27,2.3,47.0,7,7,True
PID0640,Laptop,Apple,3539,5,2.2,45.0,8,10,False
PID0641,TV,Realme,37727,43,1.9,89.0,1,10,True
PID0642,Laptop,Realme,46951,43,1.5,47.0,5,10,True
PID0643,Smartphone,Apple,23669,20,2.0,38.0,2,7,False
PID0644,Laptop,LG,6432,27,,3.0,2,30,False
PID0645,Watch,Boat,21644,39,3.7,29.0,1,30,False
PID0646,Microwave,LG,19745,0,1.3,29.0,5,30,True
PID0647,Speaker,LG,29228,35,1.8,21.0,2,15,False
PID0648,TV,HP,35521,20,4.2,74.0,4,15,False
PID0649,Laptop,Mi,32703,42,1.6,65.0,3,15,True
PID0650,Laptop,HP,27928,34,,11.0,3,7,False
PID0651,Smartphone,,19322,12,4.5,93.0,2,10,True
PID0652,Speaker,Sony,23360,48,,35.0,6,10,True
PID0653,Headphones,OnePlus,30055,9,1.3,17.0,2,7,True
PID0654,Laptop,Mi,43891,43,,89.0,8,7,True
PID0655,Watch,Apple,17376,46,2.2,52.0,8,30,True
PID0656,Camera,HP,7588,9,3.3,70.0,5,30,True
PID0657,TV,Boat,26000,45,,0.0,7,15,False
PID0658,Laptop,OnePlus,7304,12,1.5,57.0,4,15,False
PID0659,Watch,Sony,8345,36,3.3,89.0,1,7,False
PID0660,Watch,Mi,30300,37,3.0,86.0,2,15,True
PID0661,TV,Sony,25259,23,1.6,89.0,4,10,False
PID0662,Headphones,,26470,1,3.5,5.0,1,7,True
PID0663,Watch,LG,24017,21,2.1,69.0,8,7,False
PID0664,Camera,Realme,16352,16,,43.0,9,10,True
PID0665,Watch,Boat,34365,35,1.3,71.0,4,30,False
PID0666,Watch,Dell,20446,13,2.8,23.0,3,30,True
PID0667,Watch,Boat,3336,9,2.2,,2,10,False
PID0668,Microwave,Sony,10879,34,4.3,18.0,5,10,True
PID0669,Microwave,Apple,33316,24,1.2,17.0,3,15,False
PID0670,Headphones,HP,34340,2,2.7,94.0,7,7,True
PID0671,Laptop,Apple,8521,46,2.8,29.0,6,15,False
PID0672,Watch,Sony,7171,37,3.9,41.0,1,10,False
PID0673,Speaker,HP,24481,16,3.3,32.0,8,15,False
PID0674,Laptop,,19474,11,3.7,73.0,2,10,True
PID0675,Headphones,Realme,47760,23,4.1,11.0,5,15,True
PID0676,Shoes,,45629,28,4.4,93.0,9,15,True
PID0677,Laptop,Sony,46232,42,2.3,,8,30,True
PID0678,Laptop,Mi,22008,24,3.2,38.0,2,10,True
PID0679,Tablet,Sony,2633,35,4.4,8.0,9,15,False
PID0680,Smartphone,Sony,13485,25,5.0,20.0,5,7,True
PID0681,Tablet,HP,44617,37,4.6,75.0,6,15,False
PID0682,Camera,Samsung,4648,0,2.5,28.0,3,15,False
PID0683,Microwave,Boat,48945,19,1.8,,3,7,True
PID0684,Microwave,,14140,27,3.0,61.0,8,10,False
PID0685,Smartphone,Dell,18921,15,4.0,,2,30,True
PID0686,TV,Mi,15357,46,3.0,1.0,2,30,True
PID0687,TV,Realme,47136,16,2.9,51.0,5,30,True
PID0688,Headphones,LG,4137,39,4.4,43.0,6,7,False
PID0689,Smartphone,Dell,1097,27,2.4,53.0,2,15,True
PID0690,Laptop,LG,12407,11,4.4,17.0,5,10,True
PID0691,TV,LG,31575,26,2.6,2.0,7,15,True
PID0692,Watch,Realme,13722,41,,6.0,8,30,False
PID0693,Speaker,Apple,13924,46,2.8,42.0,7,15,True
PID0694,Laptop,Samsung,4750,29,4.0,81.0,8,7,False
PID0695,Camera,Sony,28733,40,1.5,37.0,9,7,False
PID0696,Watch,OnePlus,9535,33,1.8,36.0,5,10,True
PID0697,Watch,LG,25487,36,4.8,57.0,5,10,False
PID0698,Smartphone,Mi,31651,5,1.7,32.0,4,30,False
PID0699,Headphones,Dell,5666,6,3.3,58.0,9,10,True
PID0700,Camera,Apple,49777,31,3.3,94.0,5,15,True
PID0701,TV,LG,17994,31,,10.0,2,7,True
PID0702,Smartphone,Apple,2727,24,3.6,67.0,8,7,False
PID0703,TV,Apple,35622,32,1.9,81.0,7,7,True
PID0704,Smartphone,LG,11800,6,3.2,67.0,8,10,False
PID0705,Smartphone,HP,38823,11,2.5,97.0,3,7,False
PID0706,Smartphone,Boat,44039,15,,92.0,4,7,False
PID0707,Headphones,Mi,19708,15,1.6,87.0,5,7,False
PID0708,Smartphone,Sony,13819,42,3.3,21.0,6,30,False
PID0709,Shoes,,10369,35,1.7,65.0,1,30,True
PID0710,Speaker,Mi,10283,12,2.1,43.0,4,10,True
PID0711,TV,HP,31573,6,1.9,5.0,5,7,False
PID0712,Laptop,Sony,14171,35,1.7,41.0,7,10,False
PID0713,Tablet,Apple,31933,46,4.3,24.0,5,7,True
PID0714,Camera,Realme,6774,8,2.1,56.0,1,7,True
PID0715,Microwave,Dell,7519,31,4.7,84.0,7,7,False
PID0716,Headphones,Samsung,11983,10,4.9,54.0,8,10,False
PID0717,Laptop,Sony,31932,7,3.3,15.0,7,10,True
PID0718,Watch,Mi,31798,32,1.6,94.0,4,7,True
PID0719,Shoes,Realme,19133,22,2.5,13.0,8,15,False
PID0720,Microwave,LG,15939,24,4.2,38.0,5,10,True
PID0721,Tablet,Boat,1781,7,2.5,27.0,9,30,True
PID0722,Laptop,Mi,28624,44,1.3,95.0,5,10,False
PID0723,Microwave,Apple,7823,21,3.2,91.0,1,7,False
PID0724,Laptop,Boat,19489,3,4.4,50.0,9,15,False
PID0725,Shoes,Dell,40961,39,4.2,48.0,5,7,True
PID0726,Tablet,Dell,30118,2,1.7,8.0,6,30,False
PID0727,Watch,HP,35881,28,3.7,57.0,4,10,True
PID0728,Smartphone,,17280,40,1.9,44.0,6,10,False
PID0729,TV,HP,23263,28,1.9,21.0,8,7,False
PID0730,Watch,Realme,14565,33,4.5,,3,7,True
PID0731,Smartphone,Boat,21354,33,2.0,68.0,5,30,True
PID0732,Headphones,OnePlus,43951,27,2.1,86.0,2,15,False
PID0733,Speaker,LG,26643,12,1.0,68.0,2,30,False
PID0734,Camera,Apple,24648,14,4.5,41.0,7,15,True
PID0735,Camera,Boat,42971,22,,52.0,6,10,False
PID0736,TV,HP,19658,43,,95.0,4,15,True
PID0737,Tablet,Samsung,22253,25,4.0,58.0,5,15,True
PID0738,Shoes,OnePlus,49563,3,1.6,73.0,1,10,False
PID0739,Tablet,OnePlus,27390,25,2.8,38.0,7,10,True
PID0740,Shoes,,24128,39,2.4,14.0,8,10,True
PID0741,Tablet,,14489,8,1.4,,9,30,True
PID0742,Speaker,Dell,39314,4,2.9,28.0,8,10,False
PID0743,Headphones,Dell,33658,31,4.7,2.0,5,7,True
PID0744,Headphones,Samsung,7852,19,1.2,82.0,3,10,False
PID0745,Smartphone,Realme,30450,49,2.2,9.0,9,10,False
PID0746,Microwave,Realme,3551,10,1.8,91.0,6,10,False
PID0747,Headphones,LG,7411,14,2.0,28.0,5,15,True
PID0748,Headphones,Boat,34243,31,,78.0,3,30,True
PID0749,Watch,,22800,27,2.9,34.0,6,10,False
PID0750,Watch,,11403,21,2.9,5.0,3,30,False
PID0751,Smartphone,HP,8239,40,,11.0,6,7,True
PID0752,Microwave,Mi,7710,16,1.6,37.0,4,7,False
PID0753,TV,Mi,22384,25,2.9,76.0,2,10,False
PID0754,Watch,OnePlus,22038,43,2.7,92.0,8,7,True
PID0755,TV,Samsung,41846,6,3.4,18.0,4,30,False
PID0756,Laptop,Dell,23447,41,5.0,66.0,9,15,True
PID0757,Watch,LG,3285,25,4.1,7.0,7,10,True
PID0758,Speaker,Realme,38991,24,2.6,7.0,2,7,False
PID0759,Microwave,Samsung,14521,9,4.3,83.0,4,30,True
PID0760,Smartphone,,48657,44,1.7,46.0,5,30,True
PID0761,Laptop,HP,7971,18,1.1,,3,7,True
PID0762,Microwave,LG,30139,10,1.8,,9,30,False
PID0763,Speaker,OnePlus,20909,12,2.4,84.0,5,30,False
PID0764,Microwave,Dell,12531,7,3.0,66.0,2,10,False
PID0765,Speaker,Dell,15721,39,3.5,44.0,3,30,True
PID0766,Speaker,Dell,20206,3,4.6,,9,7,True
PID0767,TV,Samsung,38711,46,3.0,86.0,7,10,False
PID0768,Tablet,Samsung,7530,30,,15.0,2,7,False
PID0769,Laptop,Realme,12116,27,1.2,76.0,9,15,True
PID0770,Microwave,Realme,1258,10,1.1,66.0,4,7,False
PID0771,Shoes,HP,1282,42,3.2,,9,7,False
PID0772,Laptop,LG,14937,0,2.8,59.0,2,10,False
PID0773,Tablet,Apple,2898,48,4.4,77.0,4,30,False
PID0774,Laptop,Apple,5135,46,1.6,76.0,5,7,False
PID0775,Headphones,OnePlus,7629,37,1.1,70.0,2,10,True
PID0776,Shoes,Dell,44936,23,2.8,14.0,1,15,False
PID0777,Tablet,LG,20584,46,1.9,70.0,7,10,False
PID0778,TV,Mi,24551,30,1.2,97.0,1,10,True
PID0779,Microwave,Samsung,34380,40,3.9,40.0,8,30,True
PID0780,Camera,Boat,47971,45,1.4,21.0,3,7,True
PID0781,Tablet,Sony,18071,49,3.4,23.0,6,15,True
PID0782,Smartphone,HP,21074,25,2.1,,7,10,False
PID0783,Microwave,Dell,26188,48,1.7,0.0,1,7,False
PID0784,Tablet,Dell,3307,49,2.5,9.0,6,7,False
PID0785,Headphones,Dell,40901,4,4.2,79.0,7,10,False
PID0786,Camera,Samsung,12205,19,2.6,71.0,6,7,True
PID0787,Headphones,Samsung,6906,40,4.0,55.0,4,10,True
PID0788,Camera,Sony,3591,10,1.5,88.0,1,10,False
PID0789,Smartphone,Mi,16149,32,4.1,49.0,9,10,False
PID0790,Microwave,LG,45918,49,1.9,11.0,4,15,False
PID0791,TV,Dell,40951,37,3.7,88.0,7,10,False
PID0792,Headphones,,26150,26,3.3,80.0,7,30,True
PID0793,Headphones,Realme,32852,33,4.7,59.0,2,7,False
PID0794,Speaker,Apple,43870,14,2.5,25.0,1,15,True
PID0795,Camera,OnePlus,2283,31,,77.0,8,7,True
PID0796,Watch,Apple,34691,20,1.1,40.0,8,15,True
PID0797,Microwave,,2125,45,4.3,35.0,7,30,True
PID0798,Camera,Boat,2529,4,3.1,22.0,8,15,False
PID0799,Speaker,Realme,27170,5,4.1,42.0,3,15,False
PID0800,Laptop,Apple,9438,37,1.9,5.0,2,15,False
PID0801,Camera,Boat,21095,21,2.4,,7,7,False
PID0802,TV,HP,17154,17,1.1,42.0,8,10,True
PID0803,Microwave,LG,9004,13,,24.0,1,7,True
PID0804,Speaker,Boat,10752,9,3.7,17.0,9,10,True
PID0805,Laptop,LG,44360,45,4.7,61.0,4,7,False
PID0806,Shoes,Apple,27819,12,2.1,12.0,4,30,True
PID0807,Speaker,Mi,37632,30,,42.0,3,30,True
PID0808,Shoes,,27515,29,3.7,77.0,6,15,True
PID0809,Microwave,Realme,25217,2,2.3,27.0,1,30,True
PID0810,Headphones,Apple,24172,29,4.4,17.0,6,15,False
PID0811,Speaker,Dell,33994,5,4.8,58.0,2,10,True
PID0812,Smartphone,Samsung,16036,28,,59.0,9,30,True
PID0813,Shoes,Boat,12739,7,4.0,,2,10,False
PID0814,TV,Realme,33220,43,2.1,56.0,7,7,False
PID0815,Smartphone,HP,10587,44,2.1,91.0,1,10,False
PID0816,Tablet,Dell,45517,42,4.9,50.0,7,7,True
PID0817,Tablet,HP,31129,43,1.0,55.0,5,10,True
PID0818,Laptop,Apple,1645,32,3.9,26.0,8,10,True
PID0819,Headphones,,31930,16,3.8,31.0,4,30,True
PID0820,Microwave,Boat,17299,47,3.5,,7,10,False
PID0821,Speaker,,31090,10,5.0,95.0,6,30,True
PID0822,Watch,Mi,22953,12,2.2,83.0,5,30,True
PID0823,TV,Mi,47443,49,2.4,91.0,4,15,False
PID0824,Shoes,Apple,27475,10,1.3,96.0,7,15,False
PID0825,Microwave,Apple,19888,30,2.8,67.0,5,7,False
PID0826,Smartphone,Samsung,44732,27,2.0,,5,10,True
PID0827,Tablet,Mi,17087,43,,97.0,1,7,True
PID0828,TV,Realme,47305,5,4.3,66.0,2,10,True
PID0829,Watch,Realme,47037,40,4.7,25.0,5,15,True
PID0830,Speaker,,10346,15,1.7,7.0,3,15,True
PID0831,Laptop,Realme,1587,3,2.5,5.0,2,10,False
PID0832,Watch,OnePlus,13763,34,4.7,79.0,4,10,False
PID0833,TV,LG,42945,47,1.2,23.0,4,15,True
PID0834,Watch,,5079,25,1.4,47.0,4,15,True
PID0835,TV,Samsung,37116,11,1.7,93.0,4,7,True
PID0836,TV,Sony,21215,10,,44.0,3,15,True
PID0837,Camera,Dell,26817,36,1.6,12.0,7,10,True
PID0838,Shoes,Dell,25765,24,4.9,68.0,9,7,False
PID0839,Tablet,OnePlus,31112,17,2.8,24.0,5,10,False
PID0840,Camera,,26556,18,3.0,,4,30,False
PID0841,Speaker,Apple,19099,22,2.0,81.0,2,7,True
PID0842,Camera,Apple,44553,37,2.9,81.0,2,10,True
PID0843,Headphones,HP,46096,17,,65.0,5,15,False
PID0844,Headphones,OnePlus,7450,25,4.0,73.0,7,30,False
PID0845,Tablet,Samsung,14230,5,4.0,44.0,9,10,True
PID0846,Watch,OnePlus,30009,3,3.3,46.0,7,7,False
PID0847,Shoes,OnePlus,6433,43,4.6,62.0,5,10,False
PID0848,Tablet,OnePlus,34866,28,,75.0,6,30,True
PID0849,TV,Dell,40864,33,4.0,76.0,3,7,False
PID0850,Smartphone,OnePlus,19710,16,,54.0,5,30,False
PID0851,Shoes,LG,12439,42,1.0,74.0,8,10,False
PID0852,Shoes,Apple,42855,42,1.8,18.0,1,15,True
PID0853,TV,HP,17021,15,,34.0,1,15,False
PID0854,TV,,7416,1,2.6,52.0,7,10,False
PID0855,Laptop,HP,7980,33,2.6,25.0,5,10,False
PID0856,Tablet,Sony,19058,7,4.5,13.0,5,10,True
PID0857,TV,HP,12101,12,4.6,44.0,1,7,True
PID0858,Headphones,Apple,41718,41,4.6,,9,30,False
PID0859,Speaker,Apple,33602,7,2.3,87.0,1,30,True
PID0860,Smartphone,OnePlus,10122,29,3.8,64.0,5,30,False
PID0861,Tablet,Boat,13576,31,,50.0,9,10,True
PID0862,Microwave,Sony,28516,35,1.8,42.0,4,30,True
PID0863,Headphones,Samsung,23433,46,1.7,85.0,8,10,False
PID0864,Watch,Realme,2089,29,2.4,,6,7,False
PID0865,TV,HP,38346,0,2.7,,3,15,False
PID0866,Microwave,Boat,10127,42,4.3,18.0,4,10,True
PID0867,TV,OnePlus,11487,38,1.5,81.0,2,10,False
PID0868,Shoes,Dell,1155,16,3.9,75.0,1,15,True
PID0869,Headphones,Samsung,2958,19,3.1,,8,15,True
PID0870,Shoes,Mi,11693,23,2.2,91.0,1,7,False
PID0871,Laptop,Boat,40112,49,3.0,91.0,1,30,True
PID0872,Shoes,Dell,39547,21,2.2,59.0,4,10,False
PID0873,Laptop,Sony,29795,28,3.4,58.0,6,30,True
PID0874,Laptop,OnePlus,22447,21,2.7,32.0,9,10,False
PID0875,Microwave,Samsung,37598,43,1.7,18.0,1,7,True
PID0876,TV,,42814,8,1.5,27.0,7,15,True
PID0877,Watch,Samsung,26215,36,3.2,51.0,5,7,False
PID0878,Shoes,Sony,10794,9,4.6,,8,15,True
PID0879,Headphones,HP,34209,35,2.4,36.0,7,30,False
PID0880,Laptop,Mi,23424,36,3.9,25.0,4,30,True
PID0881,TV,Sony,48246,27,3.6,98.0,4,7,True
PID0882,Smartphone,Realme,38396,27,4.7,97.0,6,15,True
PID0883,Tablet,,7370,41,4.3,98.0,6,7,False
PID0884,Microwave,,10528,42,3.3,39.0,9,15,False
PID0885,Watch,OnePlus,29276,20,3.6,79.0,5,15,False
PID0886,Camera,,45333,23,,37.0,8,30,False
PID0887,Microwave,Dell,9179,41,2.6,76.0,5,30,False
PID0888,Smartphone,Mi,49781,39,2.3,86.0,2,15,True
PID0889,Tablet,Realme,17843,1,1.0,53.0,6,15,True
PID0890,Smartphone,Apple,24952,7,4.3,21.0,9,15,False
PID0891,Shoes,HP,34160,47,4.2,15.0,3,30,True
PID0892,Laptop,,45898,26,1.4,27.0,1,30,True
PID0893,Watch,Mi,30516,21,3.3,34.0,1,10,True
PID0894,Speaker,,11449,36,2.9,,3,15,True
PID0895,Laptop,Dell,22125,26,1.5,44.0,5,10,False
PID0896,Speaker,Apple,8418,28,4.9,45.0,3,15,True
PID0897,Tablet,Dell,23746,2,1.9,71.0,9,30,False
PID0898,TV,LG,3454,43,1.3,54.0,8,10,False
PID0899,Camera,Boat,18761,12,3.4,85.0,3,10,True
PID0900,Headphones,,16223,44,4.0,84.0,9,7,False
PID0901,Laptop,Apple,7701,9,1.1,25.0,6,15,True
PID0902,Watch,Dell,3597,35,3.6,84.0,7,30,True
PID0903,Smartphone,,1141,8,3.1,24.0,4,7,True
PID0904,Watch,Boat,3659,26,1.4,,4,7,False
PID0905,Tablet,Dell,21980,33,1.7,5.0,2,15,False
PID0906,Speaker,OnePlus,10031,0,3.3,22.0,5,7,False
PID0907,Smartphone,LG,16037,31,2.2,63.0,8,15,True
PID0908,Headphones,Sony,47738,24,4.8,86.0,7,7,True
PID0909,Headphones,LG,39429,28,4.3,,7,15,True
PID0910,Laptop,Dell,7142,6,4.9,22.0,6,30,False
PID0911,Tablet,HP,13109,48,2.0,95.0,3,15,True
PID0912,TV,Sony,23010,2,4.9,29.0,5,15,True
PID0913,Tablet,Apple,9787,19,,,1,10,False
PID0914,Speaker,,43864,19,2.4,17.0,7,30,False
PID0915,Watch,Dell,9472,29,1.2,86.0,9,30,False
PID0916,Headphones,LG,24383,34,1.2,78.0,1,30,True
PID0917,Watch,Sony,5249,34,3.8,96.0,2,7,True
PID0918,Watch,Realme,48717,48,2.8,20.0,3,10,True
PID0919,Watch,Mi,35518,38,1.9,56.0,3,30,False
PID0920,Headphones,LG,19351,26,,22.0,8,7,False
PID0921,Microwave,Apple,5088,25,,90.0,7,7,False
PID0922,Shoes,Apple,16282,13,3.3,44.0,6,7,False
PID0923,Speaker,Samsung,20330,16,2.4,43.0,4,10,True
PID0924,Microwave,LG,43409,17,4.3,81.0,9,7,True
PID0925,Speaker,Mi,22778,44,4.3,87.0,1,10,True
PID0926,Smartphone,OnePlus,25264,28,2.9,46.0,2,15,True
PID0927,Tablet,Boat,6075,19,2.4,39.0,4,7,True
PID0928,Tablet,Mi,11412,26,2.5,50.0,3,30,True
PID0929,Camera,Boat,49454,17,4.2,41.0,1,7,True
PID0930,Tablet,Boat,29365,3,2.3,6.0,5,15,True
PID0931,Headphones,Realme,8230,0,1.8,49.0,7,15,False
PID0932,TV,Samsung,49200,49,1.3,47.0,2,7,False
PID0933,Laptop,Mi,12002,0,2.9,83.0,5,15,True
PID0934,Camera,Mi,14947,25,2.9,90.0,6,10,False
PID0935,Laptop,Realme,14686,44,4.4,5.0,7,10,True
PID0936,Speaker,LG,30304,19,1.9,90.0,1,7,True
PID0937,Laptop,LG,14074,22,2.5,8.0,7,10,False
PID0938,Laptop,LG,5493,9,4.2,56.0,4,10,True
PID0939,Camera,HP,35228,10,4.3,30.0,8,30,True
PID0940,Smartphone,Boat,15140,40,2.5,20.0,4,7,True
PID0941,Watch,HP,32655,40,,89.0,6,15,True
PID0942,Tablet,Samsung,44472,4,2.2,39.0,9,7,True
PID0943,Tablet,Realme,7816,0,,44.0,5,10,True
PID0944,Headphones,Mi,12639,16,1.5,76.0,4,30,True
PID0945,Camera,Boat,48192,21,4.7,,8,7,False
PID0946,Headphones,HP,47733,33,,,9,7,False
PID0947,TV,HP,30492,44,3.1,19.0,4,10,True
PID0948,TV,Dell,12240,40,1.1,91.0,3,10,False
PID0949,Headphones,HP,33698,28,2.9,16.0,8,7,True
PID0950,Camera,,27957,3,2.6,27.0,5,10,True
PID0951,Headphones,Mi,33808,4,1.6,40.0,2,10,True
PID0952,Tablet,OnePlus,6827,10,3.6,65.0,9,10,True
PID0953,Microwave,Mi,33762,20,4.9,24.0,3,10,False
PID0954,Shoes,Realme,9259,34,,,2,10,False
PID0955,Laptop,Mi,15849,11,3.9,40.0,1,30,False
PID0956,Shoes,OnePlus,17232,25,1.3,5.0,8,10,False
PID0957,Camera,Mi,41572,18,2.7,74.0,3,15,True
PID0958,Shoes,Realme,25173,44,1.5,37.0,7,7,False
PID0959,TV,Realme,6374,6,3.5,5.0,1,30,True
PID0960,Speaker,Samsung,22174,46,4.8,44.0,1,30,True
PID0961,Laptop,Mi,24567,6,,74.0,9,10,False
PID0962,Watch,Dell,36292,25,1.3,,8,7,True
PID0963,Camera,LG,10277,39,,65.0,3,15,False
PID0964,Laptop,Apple,32600,4,3.2,39.0,6,10,False
PID0965,Shoes,,10885,20,2.6,2.0,3,7,False
PID0966,TV,Sony,1778,13,4.3,98.0,4,10,False
PID0967,Smartphone,,30165,3,4.3,96.0,1,10,False
PID0968,Microwave,Boat,2492,22,3.4,23.0,5,10,True
PID0969,Watch,Mi,31462,41,2.5,,1,10,False
PID0970,Microwave,OnePlus,14615,19,,17.0,1,10,False
PID0971,Laptop,Apple,45900,14,1.4,63.0,7,10,True
PID0972,TV,Sony,43946,49,2.4,87.0,6,10,False
PID0973,TV,LG,8851,44,2.7,34.0,2,15,False
PID0974,Shoes,Mi,17288,28,3.7,61.0,2,30,True
PID0975,Tablet,Samsung,8156,7,3.6,0.0,7,15,True
PID0976,Shoes,Boat,3044,40,1.3,99.0,1,10,False
PID0977,Tablet,Apple,8368,47,2.6,24.0,2,10,True
PID0978,Tablet,Dell,20900,18,,,8,15,False
PID0979,Watch,Samsung,31600,47,,48.0,6,15,True
PID0980,Shoes,Sony,47403,38,,97.0,2,30,False
PID0981,Smartphone,Apple,26634,45,1.2,88.0,7,15,False
PID0982,Headphones,Samsung,10168,27,2.7,15.0,4,30,False
PID0983,Headphones,Boat,21961,45,,97.0,2,10,True
PID0984,Shoes,Dell,45096,26,4.5,92.0,6,7,False
PID0985,Shoes,Samsung,47087,3,3.2,18.0,9,7,True
PID0986,Microwave,,24852,14,1.9,22.0,9,7,False
PID0987,Watch,Dell,34110,34,3.0,82.0,8,7,False
PID0988,Shoes,Sony,33174,36,3.9,24.0,3,10,False
PID0989,Microwave,,35215,0,4.8,15.0,3,7,False
PID0990,Tablet,Mi,27955,2,1.9,,2,15,False
PID0991,TV,OnePlus,7581,46,4.5,72.0,5,15,True
PID0992,TV,OnePlus,45619,23,4.7,0.0,4,7,True
PID0993,Tablet,OnePlus,7317,26,,41.0,7,15,True
PID0994,Camera,Apple,43856,39,3.5,18.0,4,30,False
PID0995,Microwave,Sony,46714,35,3.5,96.0,9,10,False
PID0996,Microwave,Boat,27649,33,2.6,33.0,2,7,True
PID0997,Tablet,Dell,24132,28,4.0,79.0,6,7,False
PID0998,Smartphone,Apple,17789,23,3.1,54.0,7,10,False
PID0999,Speaker,Sony,15567,23,3.7,17.0,4,15,False
PID0465,Microwave,OnePlus,13087,1,4.3,68.0,1,30,True
PID0210,Headphones,Realme,43468,19,2.7,43.0,5,30,False
PID0628,TV,Apple,37768,22,2.9,27.0,9,7,False
PID0703,TV,Apple,35622,32,1.9,81.0,7,7,True
PID0204,Headphones,Dell,4292,6,1.4,74.0,2,10,False
PID0074,Tablet,HP,42323,38,3.2,77.0,8,10,False
PID0282,TV,Sony,28425,21,1.7,1.0,8,7,False
PID0425,Microwave,Dell,23663,36,4.2,65.0,9,10,False
PID0569,Headphones,Realme,8999,26,3.5,34.0,6,15,False
PID0151,Camera,Mi,40905,2,4.0,46.0,3,30,True
PID0641,TV,Realme,37727,43,1.9,89.0,1,10,True
PID0472,Microwave,Dell,19313,38,3.5,3.0,4,30,True
PID0579,Laptop,HP,30309,32,3.4,88.0,8,15,False
PID0623,Speaker,HP,19681,10,1.3,42.0,7,10,False
PID0816,Tablet,Dell,45517,42,4.9,50.0,7,7,True
PID0701,TV,LG,17994,31,,10.0,2,7,True
PID0228,Microwave,Dell,38605,47,2.0,52.0,1,10,False
PID0496,Camera,Mi,30750,9,3.7,27.0,4,7,False
PID0831,Laptop,Realme,1587,3,2.5,5.0,2,10,False
PID0601,TV,Realme,38481,40,3.6,,7,30,True
